{
	"format_version": "1.8.0",
	"animations": {
		"animation.player.flapwings_1": {
			"loop": true,
			"animation_length": 1,
			"bones": {
				"wings": {
					"rotation": {
						"0.0": [2.5, 0, 0],
						"0.3333": [25, 0, 0],
						"0.5833": [29.06, 0, 0],
						"1.0": [2.5, 0, 0]
					},
					"position": {
						"0.0": [0, -1, 0],
						"0.4583": [0, -2, 0],
						"0.9167": [0, -1, 0]
					}
				},
				"wing_right": {
					"rotation": {
						"0.0": [0, 25, 0],
						"0.2917": [0, -42.5, 0],
						"0.9167": [0, 25, 0]
					},
					"position": {
						"0.4167": [0, 2, 0],
						"0.7917": [0, 4, 1],
						"1.0": [0, 2, 0]
					}
				},
				"wing_right2": {
					"rotation": {
						"0.0": [0, 10, 0],
						"0.2083": [0, -52.5, 0],
						"0.5417": [0, -32.5, 0],
						"0.9167": [0, 10, 0]
					}
				},
				"wing_left": {
					"rotation": {
						"0.0": [0, -25, 0],
						"0.2917": [0, 42.5, 0],
						"0.9167": [0, -25, 0]
					},
					"position": {
						"0.4167": [0, 2, 0],
						"0.7917": [0, 4, 1],
						"1.0": [0, 2, 0]
					}
				},
				"wing_left2": {
					"rotation": {
						"0.0": [0, -10, 0],
						"0.2083": [0, 52.5, 0],
						"0.5417": [0, 32.5, 0],
						"0.9167": [0, -10, 0]
					}
				}
			}
		}
	}
}